Model,RMSE,MAE,R²,MAPE
XGBoost,5985.893463532365,5391.610817708333,0.005755277853802809,5.1480038828830335
