Model,RMSE,MAE,R²,MAPE
RF,4479.438084984288,3504.0956517708732,0.4432215669261024,3.3200454839971396
